,Loan_Status_Y,Gender_Male,Married_Yes,Dependents_1,Dependents_2,Dependents_3+,Education_Not Graduate,Self_Employed_Yes,Property_Area_Semiurban,Property_Area_Urban,Credit_History_Yes,ApplicantIncome,CoapplicantIncome,LoanAmount,Loan_Amount_Term
0,True,True,False,False,False,False,False,False,False,True,True,5849,0.0,128.0,360.0
1,False,True,True,True,False,False,False,False,False,False,True,4583,1508.0,128.0,360.0
2,True,True,True,False,False,False,False,True,False,True,True,3000,0.0,66.0,360.0
3,True,True,True,False,False,False,True,False,False,True,True,2583,2358.0,120.0,360.0
4,True,True,False,False,False,False,False,False,False,True,True,6000,0.0,141.0,360.0
5,True,True,True,False,True,False,False,True,False,True,True,5417,4196.0,267.0,360.0
6,True,True,True,False,False,False,True,False,False,True,True,2333,1516.0,95.0,360.0
7,False,True,True,False,False,True,False,False,True,False,False,3036,2504.0,158.0,360.0
8,True,True,True,False,True,False,False,False,False,True,True,4006,1526.0,168.0,360.0
9,False,True,True,True,False,False,False,False,True,False,True,12841,10968.0,349.0,360.0
10,True,True,True,False,True,False,False,False,False,True,True,3200,700.0,70.0,360.0
11,True,True,True,False,True,False,False,False,False,True,True,2500,1840.0,109.0,360.0
12,True,True,True,False,True,False,False,False,False,True,True,3073,8106.0,200.0,360.0
13,False,True,False,False,False,False,False,False,False,False,True,1853,2840.0,114.0,360.0
14,True,True,True,False,True,False,False,False,False,True,True,1299,1086.0,17.0,120.0
15,True,True,False,False,False,False,False,False,False,True,True,4950,0.0,125.0,360.0
16,True,True,False,True,False,False,True,False,False,True,True,3596,0.0,100.0,240.0
17,False,False,False,False,False,False,False,False,False,True,False,3510,0.0,76.0,360.0
18,False,True,True,False,False,False,True,False,False,False,True,4887,0.0,133.0,360.0
19,True,True,True,False,False,False,False,False,False,True,True,2600,3500.0,115.0,360.0
20,False,True,True,False,False,False,True,False,False,True,False,7660,0.0,104.0,360.0
21,True,True,True,True,False,False,False,False,False,True,True,5955,5625.0,315.0,360.0
22,False,True,True,False,False,False,True,False,True,False,False,2600,1911.0,116.0,360.0
23,False,True,True,False,True,False,True,False,False,False,False,3365,1917.0,112.0,360.0
24,False,True,True,True,False,False,False,False,True,False,True,3717,2925.0,151.0,360.0
25,True,True,True,False,False,False,False,True,True,False,True,9560,0.0,191.0,360.0
26,True,True,True,False,False,False,False,False,True,False,True,2799,2253.0,122.0,360.0
27,True,True,True,False,True,False,True,False,False,True,True,4226,1040.0,110.0,360.0
28,False,True,False,False,False,False,True,False,False,True,True,1442,0.0,35.0,360.0
29,True,False,False,False,True,False,False,False,True,False,True,3750,2083.0,120.0,360.0
30,False,True,True,True,False,False,False,False,False,True,True,4166,3369.0,201.0,360.0
31,False,True,False,False,False,False,False,False,False,True,True,3167,0.0,74.0,360.0
32,False,True,False,True,False,False,False,True,False,False,True,4692,0.0,106.0,360.0
33,True,True,True,False,False,False,False,False,True,False,True,3500,1667.0,114.0,360.0
34,False,True,False,False,False,True,False,False,False,False,True,12500,3000.0,320.0,360.0
35,True,True,True,False,False,False,False,False,False,True,True,2275,2067.0,128.0,360.0
36,False,True,True,False,False,False,False,False,False,True,False,1828,1330.0,100.0,360.0
37,True,False,True,False,False,False,False,False,True,False,True,3667,1459.0,144.0,360.0
38,True,True,False,False,False,False,False,False,False,True,True,4166,7210.0,184.0,360.0
39,True,True,False,False,False,False,True,False,True,False,True,3748,1668.0,110.0,360.0
40,False,True,False,False,False,False,False,False,False,True,True,3600,0.0,80.0,360.0
41,True,True,False,False,False,False,False,False,False,True,True,1800,1213.0,47.0,360.0
42,True,True,True,False,False,False,False,False,False,True,True,2400,0.0,75.0,360.0
43,True,True,True,False,False,False,False,False,True,False,True,3941,2336.0,134.0,360.0
44,True,True,True,False,False,False,True,True,False,True,True,4695,0.0,96.0,360.0
45,True,False,False,False,False,False,False,False,False,True,True,3410,0.0,88.0,360.0
46,True,True,True,True,False,False,False,False,False,True,True,5649,0.0,44.0,360.0
47,True,True,True,False,False,False,False,False,False,True,True,5821,0.0,144.0,360.0
48,False,False,True,False,False,False,False,False,False,True,False,2645,3440.0,120.0,360.0
49,True,False,False,False,False,False,False,False,True,False,True,4000,2275.0,144.0,360.0
50,True,False,True,False,False,False,True,False,True,False,True,1928,1644.0,100.0,360.0
51,True,False,False,False,False,False,False,False,True,False,True,3086,0.0,120.0,360.0
52,False,False,False,False,False,False,False,False,True,False,True,4230,0.0,112.0,360.0
53,False,True,True,False,True,False,False,False,False,True,True,4616,0.0,134.0,360.0
54,False,False,True,True,False,False,False,True,False,True,False,11500,0.0,286.0,360.0
55,True,True,True,False,True,False,False,False,True,False,True,2708,1167.0,97.0,360.0
56,True,True,True,False,False,False,False,False,True,False,True,2132,1591.0,96.0,360.0
57,False,True,True,False,False,False,False,False,False,False,True,3366,2200.0,135.0,360.0
58,True,True,True,True,False,False,False,False,False,True,True,8080,2250.0,180.0,360.0
59,True,True,True,False,True,False,True,False,False,True,True,3357,2859.0,144.0,360.0
60,True,True,True,False,False,False,False,False,False,True,True,2500,3796.0,120.0,360.0
61,True,True,True,False,False,True,False,False,False,True,True,3029,0.0,99.0,360.0
62,False,True,True,False,False,False,True,True,False,False,False,2609,3449.0,165.0,180.0
63,False,True,True,True,False,False,False,False,False,False,False,4945,0.0,128.0,360.0
64,False,False,False,False,False,False,False,False,True,False,False,4166,0.0,116.0,360.0
65,False,True,True,False,False,False,False,False,True,False,True,5726,4595.0,258.0,360.0
66,False,True,False,False,False,False,True,False,False,True,False,3200,2254.0,126.0,180.0
67,True,True,True,True,False,False,False,False,False,True,True,10750,0.0,312.0,360.0
68,True,True,True,False,False,True,True,True,False,True,True,7100,0.0,125.0,60.0
69,False,False,False,False,False,False,False,False,True,False,False,4300,0.0,136.0,360.0
70,True,True,True,False,False,False,False,False,False,True,True,3208,3066.0,172.0,360.0
71,True,True,True,False,True,False,True,True,True,False,True,1875,1875.0,97.0,360.0
72,True,True,False,False,False,False,False,False,True,False,True,3500,0.0,81.0,300.0
73,False,True,True,False,False,True,True,False,True,False,False,4755,0.0,95.0,360.0
74,True,True,True,False,False,True,False,True,True,False,True,5266,1774.0,187.0,360.0
75,False,True,False,False,False,False,False,False,False,True,True,3750,0.0,113.0,480.0
76,False,True,False,False,False,False,False,False,False,True,True,3750,4750.0,176.0,360.0
77,False,True,True,True,False,False,False,True,False,True,True,1000,3022.0,110.0,360.0
78,False,True,True,False,False,True,False,False,True,False,False,3167,4000.0,180.0,300.0
79,True,True,True,False,False,True,True,True,True,False,True,3333,2166.0,130.0,360.0
80,True,False,False,False,False,False,False,False,True,False,True,3846,0.0,111.0,360.0
81,True,True,True,True,False,False,False,True,True,False,True,2395,0.0,128.0,360.0
82,False,False,True,False,True,False,False,False,False,True,True,1378,1881.0,167.0,360.0
83,False,True,True,False,False,False,False,False,True,False,True,6000,2250.0,265.0,360.0
84,True,True,True,True,False,False,False,False,False,True,True,3988,0.0,50.0,240.0
85,True,True,False,False,False,False,False,False,True,False,True,2366,2531.0,136.0,360.0
86,True,True,True,False,True,False,True,False,True,False,True,3333,2000.0,99.0,360.0
87,True,True,True,False,False,False,False,False,True,False,True,2500,2118.0,104.0,360.0
88,True,True,False,False,False,False,False,False,False,True,True,8566,0.0,210.0,360.0
89,True,True,True,False,False,False,False,False,True,False,True,5695,4167.0,175.0,360.0
90,True,True,True,False,False,False,False,False,True,False,True,2958,2900.0,131.0,360.0
91,True,True,True,False,True,False,False,False,True,False,True,6250,5654.0,188.0,180.0
92,True,True,True,False,True,False,True,False,False,True,True,3273,1820.0,81.0,360.0
93,True,True,False,False,False,False,False,False,True,False,True,4133,0.0,122.0,360.0
94,True,True,False,False,False,False,True,False,True,False,True,3620,0.0,25.0,120.0
95,False,True,False,False,False,False,False,False,False,True,True,6782,0.0,128.0,360.0
96,True,False,True,False,False,False,False,False,True,False,True,2484,2302.0,137.0,360.0
97,True,True,True,False,False,False,False,False,True,False,True,1977,997.0,50.0,360.0
98,True,True,True,False,False,False,True,False,True,False,True,4188,0.0,115.0,180.0
99,True,True,True,False,False,False,False,False,True,False,True,1759,3541.0,131.0,360.0
100,True,True,True,False,True,False,True,False,False,True,True,4288,3263.0,133.0,180.0
101,True,True,False,False,False,False,False,False,True,False,True,4843,3806.0,151.0,360.0
102,True,True,True,False,False,False,False,False,False,True,True,13650,0.0,128.0,360.0
103,True,True,True,False,False,False,False,False,True,False,True,4652,3583.0,128.0,360.0
104,True,True,True,False,False,False,False,False,False,True,True,3816,754.0,160.0,360.0
105,True,True,True,True,False,False,False,False,False,True,True,3052,1030.0,100.0,360.0
106,True,True,True,False,True,False,False,False,False,True,True,11417,1126.0,225.0,360.0
107,False,True,False,False,False,False,True,False,False,False,True,7333,0.0,120.0,360.0
108,False,True,True,False,True,False,False,False,False,True,False,3800,3600.0,216.0,360.0
109,True,True,True,False,False,True,True,False,True,False,True,2071,754.0,94.0,480.0
110,True,True,False,False,False,False,False,False,False,True,True,5316,0.0,136.0,360.0
111,True,False,True,False,False,False,False,False,True,False,True,2929,2333.0,139.0,360.0
112,False,True,True,False,False,False,True,False,False,False,False,3572,4114.0,152.0,360.0
113,True,False,False,True,False,False,False,True,True,False,True,7451,0.0,128.0,360.0
114,True,True,False,False,False,False,False,False,True,False,True,5050,0.0,118.0,360.0
115,True,True,True,True,False,False,False,False,False,False,True,14583,0.0,185.0,180.0
116,True,False,True,False,False,False,False,False,True,False,True,3167,2283.0,154.0,360.0
117,True,True,True,True,False,False,False,False,False,True,True,2214,1398.0,85.0,360.0
118,False,True,True,False,False,False,False,False,False,False,True,5568,2142.0,175.0,360.0
119,True,False,False,False,False,False,False,False,False,True,True,10408,0.0,259.0,360.0
120,True,True,True,False,False,False,False,False,False,False,True,5667,2667.0,180.0,360.0
121,True,False,False,False,False,False,False,False,True,False,True,4166,0.0,44.0,360.0
122,True,False,False,False,False,False,False,False,True,False,False,2137,8980.0,137.0,360.0
123,True,True,True,False,True,False,False,False,True,False,True,2957,0.0,81.0,360.0
124,True,True,True,False,False,False,True,False,False,False,True,4300,2014.0,194.0,360.0
125,True,False,False,False,False,False,False,False,False,False,True,3692,0.0,93.0,360.0
126,True,True,True,False,False,True,False,False,False,False,True,23803,0.0,370.0,360.0
127,True,True,False,False,False,False,False,False,False,False,True,3865,1640.0,128.0,360.0
128,False,True,True,True,False,False,False,True,False,True,False,10513,3850.0,160.0,180.0
129,False,True,True,False,False,False,False,False,False,False,True,6080,2569.0,182.0,360.0
130,True,True,False,False,False,False,False,True,False,True,True,20166,0.0,650.0,480.0
131,True,True,False,False,False,False,False,False,False,True,True,2014,1929.0,74.0,360.0
132,True,True,False,False,False,False,False,False,True,False,True,2718,0.0,70.0,360.0
133,True,True,True,False,False,False,False,True,True,False,True,3459,0.0,25.0,120.0
134,True,True,False,False,False,False,False,False,True,False,True,4895,0.0,102.0,360.0
135,False,True,True,False,False,True,False,False,True,False,True,4000,7750.0,290.0,360.0
136,False,False,True,False,False,False,False,False,False,False,True,4583,0.0,84.0,360.0
137,True,True,True,False,True,False,False,True,False,True,True,3316,3500.0,88.0,360.0
138,False,True,False,False,False,False,False,False,True,False,False,14999,0.0,242.0,360.0
139,False,True,True,False,True,False,True,False,False,False,True,4200,1430.0,129.0,360.0
140,False,True,True,False,True,False,False,False,False,False,True,5042,2083.0,185.0,360.0
141,True,True,False,False,False,False,False,False,False,True,True,5417,0.0,168.0,360.0
142,True,True,False,False,False,False,False,True,True,False,True,6950,0.0,175.0,180.0
143,True,True,True,False,False,False,False,False,True,False,True,2698,2034.0,122.0,360.0
144,True,True,True,False,True,False,False,False,False,True,True,11757,0.0,187.0,180.0
145,True,False,True,False,False,False,False,False,True,False,True,2330,4486.0,100.0,360.0
146,True,False,True,False,True,False,False,False,False,True,True,14866,0.0,70.0,360.0
147,True,True,True,True,False,False,False,False,False,True,True,1538,1425.0,30.0,360.0
148,False,False,False,False,False,False,False,False,False,False,True,10000,1666.0,225.0,360.0
149,True,True,True,False,False,False,False,False,True,False,True,4860,830.0,125.0,360.0
150,False,True,False,False,False,False,False,False,False,False,False,6277,0.0,118.0,360.0
151,True,True,True,False,False,False,False,True,False,False,True,2577,3750.0,152.0,360.0
152,False,True,False,False,False,False,False,False,False,True,True,9166,0.0,244.0,360.0
153,False,True,True,False,True,False,True,False,False,False,True,2281,0.0,113.0,360.0
154,True,True,False,False,False,False,False,False,False,True,True,3254,0.0,50.0,360.0
155,True,True,True,False,False,True,False,False,True,False,False,39999,0.0,600.0,180.0
156,True,True,True,True,False,False,False,False,False,False,True,6000,0.0,160.0,360.0
157,True,True,True,True,False,False,False,False,False,True,True,9538,0.0,187.0,360.0
158,True,True,False,False,False,False,False,False,False,False,True,2980,2083.0,120.0,360.0
159,True,True,True,False,False,False,False,False,True,False,True,4583,5625.0,255.0,360.0
160,True,True,True,False,False,False,True,False,True,False,True,1863,1041.0,98.0,360.0
161,False,True,True,False,False,False,False,False,False,True,True,7933,0.0,275.0,360.0
162,False,True,True,True,False,False,False,False,True,False,False,3089,1280.0,121.0,360.0
163,True,True,True,False,True,False,False,False,False,False,True,4167,1447.0,158.0,360.0
164,True,True,True,False,False,False,False,False,False,True,True,9323,0.0,75.0,180.0
165,True,True,True,False,False,False,False,False,False,False,True,3707,3166.0,182.0,360.0
166,False,False,True,False,False,False,False,False,False,False,True,4583,0.0,112.0,360.0
167,True,True,True,False,False,False,False,False,False,False,True,2439,3333.0,129.0,360.0
168,False,True,False,False,False,False,False,False,True,False,False,2237,0.0,63.0,480.0
169,True,True,True,False,True,False,False,False,True,False,True,8000,0.0,200.0,360.0
170,True,True,True,False,False,False,True,False,False,False,True,1820,1769.0,95.0,360.0
171,True,True,True,False,False,True,False,False,False,True,True,51763,0.0,700.0,300.0
172,False,True,True,False,False,True,True,False,False,False,True,3522,0.0,81.0,180.0
173,True,True,True,False,False,False,False,False,True,False,True,5708,5625.0,187.0,360.0
174,False,True,True,False,False,False,True,True,True,False,True,4344,736.0,87.0,360.0
175,True,True,True,False,False,False,False,False,False,False,True,3497,1964.0,116.0,360.0
176,True,True,True,False,True,False,False,False,False,False,True,2045,1619.0,101.0,360.0
177,False,True,True,False,False,True,False,False,True,False,False,5516,11300.0,495.0,360.0
178,True,True,True,True,False,False,False,False,True,False,True,3750,0.0,116.0,360.0
179,False,True,False,False,False,False,True,False,False,True,False,2333,1451.0,102.0,480.0
180,False,True,True,True,False,False,False,False,False,True,False,6400,7250.0,180.0,360.0
181,False,True,False,False,False,False,False,False,False,False,True,1916,5063.0,67.0,360.0
182,True,True,True,False,False,False,False,False,True,False,True,4600,0.0,73.0,180.0
183,False,True,True,True,False,False,False,False,True,False,True,33846,0.0,260.0,360.0
184,True,False,True,False,False,False,False,False,True,False,True,3625,0.0,108.0,360.0
185,True,True,True,False,False,False,False,True,True,False,True,39147,4750.0,120.0,360.0
186,False,True,True,True,False,False,False,True,False,False,False,2178,0.0,66.0,300.0
187,True,True,True,False,False,False,False,False,False,False,True,2383,2138.0,58.0,360.0
188,True,True,True,False,False,False,False,True,False,False,True,674,5296.0,168.0,360.0
189,True,True,True,False,False,False,False,False,False,False,True,9328,0.0,188.0,180.0
190,True,True,False,False,False,False,True,False,False,False,True,4885,0.0,48.0,360.0
191,False,True,False,False,False,False,False,False,True,False,True,12000,0.0,164.0,360.0
192,False,True,True,False,False,False,True,False,False,True,True,6033,0.0,160.0,360.0
193,True,True,False,False,False,False,False,False,True,False,True,3858,0.0,76.0,360.0
194,True,True,False,False,False,False,False,False,False,False,True,4191,0.0,120.0,360.0
195,False,True,True,True,False,False,False,False,True,False,True,3125,2583.0,170.0,360.0
196,True,True,False,False,False,False,False,False,False,False,True,8333,3750.0,187.0,360.0
197,True,False,False,False,False,False,True,False,False,True,True,1907,2365.0,120.0,360.0
198,True,False,True,False,False,False,False,False,True,False,True,3416,2816.0,113.0,360.0
199,False,True,False,False,False,False,False,True,False,True,True,11000,0.0,83.0,360.0
200,True,True,True,True,False,False,True,False,True,False,True,2600,2500.0,90.0,360.0
201,True,True,False,False,True,False,False,False,True,False,False,4923,0.0,166.0,360.0
202,False,True,True,False,False,True,True,False,False,True,True,3992,0.0,128.0,180.0
203,True,True,True,True,False,False,True,False,False,True,True,3500,1083.0,135.0,360.0
204,True,True,True,False,True,False,True,False,True,False,True,3917,0.0,124.0,360.0
205,True,False,False,False,False,False,True,False,True,False,True,4408,0.0,120.0,360.0
206,True,False,False,False,False,False,False,False,False,True,True,3244,0.0,80.0,360.0
207,True,True,False,False,False,False,True,False,False,False,True,3975,2531.0,55.0,360.0
208,True,True,False,False,False,False,False,False,False,True,True,2479,0.0,59.0,360.0
209,False,True,False,False,False,False,False,False,True,False,True,3418,0.0,127.0,360.0
210,False,False,False,False,False,False,False,False,True,False,True,10000,0.0,214.0,360.0
211,False,True,True,False,False,True,False,False,True,False,False,3430,1250.0,128.0,360.0
212,True,True,True,True,False,False,False,True,False,True,True,7787,0.0,240.0,360.0
213,True,True,True,False,False,True,True,True,False,False,True,5703,0.0,130.0,360.0
214,True,True,True,False,False,False,False,False,False,True,True,3173,3021.0,137.0,360.0
215,True,True,True,False,False,True,True,False,True,False,True,3850,983.0,100.0,360.0
216,False,True,True,False,False,False,False,False,False,False,True,150,1800.0,135.0,360.0
217,True,True,True,False,False,False,False,False,True,False,True,3727,1775.0,131.0,360.0
218,False,True,True,False,True,False,False,False,True,False,False,5000,0.0,72.0,360.0
219,True,False,True,False,True,False,False,False,True,False,True,4283,2383.0,127.0,360.0
220,False,True,True,False,False,False,False,False,False,True,False,2221,0.0,60.0,360.0
221,True,True,True,False,True,False,False,False,True,False,True,4009,1717.0,116.0,360.0
222,True,True,False,False,False,False,False,False,True,False,True,2971,2791.0,144.0,360.0
223,True,True,True,False,False,False,False,False,True,False,True,7578,1010.0,175.0,360.0
224,True,True,True,False,False,False,False,False,True,False,True,6250,0.0,128.0,360.0
225,False,True,True,False,False,False,False,False,False,False,True,3250,0.0,170.0,360.0
226,False,True,True,False,False,False,True,True,False,True,True,4735,0.0,138.0,360.0
227,True,True,True,False,True,False,False,False,True,False,True,6250,1695.0,210.0,360.0
228,True,True,True,False,False,False,False,False,True,False,True,4758,0.0,158.0,480.0
229,True,True,False,False,False,False,False,True,False,False,True,6400,0.0,200.0,360.0
230,True,True,True,True,False,False,False,False,True,False,True,2491,2054.0,104.0,360.0
231,True,True,True,False,False,False,False,False,False,False,True,3716,0.0,42.0,180.0
232,True,True,False,False,False,False,True,False,False,False,True,3189,2598.0,120.0,360.0
233,True,False,False,False,False,False,False,False,True,False,True,8333,0.0,280.0,360.0
234,True,True,True,True,False,False,False,False,True,False,True,3155,1779.0,140.0,360.0
235,True,True,True,True,False,False,False,False,False,False,True,5500,1260.0,170.0,360.0
236,False,True,True,False,False,False,False,False,False,True,True,5746,0.0,255.0,360.0
237,True,False,False,False,False,False,False,True,False,True,True,3463,0.0,122.0,360.0
238,True,False,False,True,False,False,False,False,False,False,True,3812,0.0,112.0,360.0
239,True,True,True,True,False,False,False,False,True,False,True,3315,0.0,96.0,360.0
240,True,True,True,False,True,False,False,False,False,False,True,5819,5000.0,120.0,360.0
241,False,True,True,True,False,False,True,False,False,True,True,2510,1983.0,140.0,180.0
242,True,True,False,False,False,False,False,False,False,True,True,2965,5701.0,155.0,60.0
243,True,True,True,False,True,False,False,True,False,False,True,6250,1300.0,108.0,360.0
244,True,True,True,False,False,False,True,False,True,False,True,3406,4417.0,123.0,360.0
245,False,True,False,False,False,False,False,True,False,True,True,6050,4333.0,120.0,180.0
246,True,True,True,False,True,False,False,False,False,True,True,9703,0.0,112.0,360.0
247,True,True,True,True,False,False,True,False,False,True,True,6608,0.0,137.0,180.0
248,True,True,True,True,False,False,False,False,True,False,True,2882,1843.0,123.0,480.0
249,True,True,True,False,False,False,False,False,False,True,True,1809,1868.0,90.0,360.0
250,False,True,True,False,False,False,True,False,True,False,False,1668,3890.0,201.0,360.0
251,False,False,False,False,True,False,False,False,False,True,True,3427,0.0,138.0,360.0
252,True,True,False,False,False,False,True,True,False,False,True,2583,2167.0,104.0,360.0
253,True,True,True,True,False,False,True,False,True,False,True,2661,7101.0,279.0,180.0
254,False,True,False,False,False,False,False,True,False,True,False,16250,0.0,192.0,360.0
255,True,False,False,False,False,True,False,False,False,False,True,3083,0.0,255.0,360.0
256,False,True,False,False,False,False,True,False,False,False,False,6045,0.0,115.0,360.0
257,False,True,True,False,False,True,False,False,False,True,True,5250,0.0,94.0,360.0
258,False,True,True,False,False,False,False,False,False,False,True,14683,2100.0,304.0,360.0
259,False,True,True,False,False,True,True,False,True,False,True,4931,0.0,128.0,360.0
260,True,True,True,True,False,False,False,False,False,True,True,6083,4250.0,330.0,360.0
261,True,True,False,False,False,False,False,False,True,False,True,2060,2209.0,134.0,360.0
262,False,False,False,True,False,False,False,False,True,False,True,3481,0.0,155.0,36.0
263,True,False,False,False,False,False,False,False,False,False,True,7200,0.0,120.0,360.0
264,True,True,False,False,False,False,False,True,True,False,True,5166,0.0,128.0,360.0
265,True,True,False,False,False,False,False,False,False,False,True,4095,3447.0,151.0,360.0
266,True,True,True,False,True,False,False,False,True,False,True,4708,1387.0,150.0,360.0
267,True,True,True,False,False,True,False,False,False,True,False,4333,1811.0,160.0,360.0
268,False,False,False,False,False,False,False,False,False,False,True,3418,0.0,135.0,360.0
269,True,False,False,True,False,False,False,False,False,True,True,2876,1560.0,90.0,360.0
270,True,False,False,False,False,False,False,False,False,True,True,3237,0.0,30.0,360.0
271,True,True,True,False,False,False,False,False,False,True,True,11146,0.0,136.0,360.0
272,True,True,False,False,False,False,False,False,False,False,True,2833,1857.0,126.0,360.0
273,True,True,True,False,False,False,False,False,True,False,True,2620,2223.0,150.0,360.0
274,True,True,True,False,True,False,False,False,True,False,True,3900,0.0,90.0,360.0
275,True,True,True,True,False,False,False,False,True,False,True,2750,1842.0,115.0,360.0
276,True,True,True,False,False,False,False,False,True,False,True,3993,3274.0,207.0,360.0
277,True,True,True,False,False,False,False,False,False,True,True,3103,1300.0,80.0,360.0
278,True,True,True,False,False,False,False,False,True,False,True,14583,0.0,436.0,360.0
279,True,False,True,False,False,False,True,False,False,False,True,4100,0.0,124.0,360.0
280,False,True,False,True,False,False,True,True,False,True,False,4053,2426.0,158.0,360.0
281,True,True,True,False,False,False,False,False,True,False,True,3927,800.0,112.0,360.0
282,True,True,True,False,True,False,False,False,False,True,True,2301,985.7999878,78.0,180.0
283,True,False,False,False,False,False,False,False,False,True,True,1811,1666.0,54.0,360.0
284,False,True,True,False,False,False,False,False,False,False,True,20667,0.0,128.0,360.0
285,True,True,False,False,False,False,False,False,False,False,True,3158,3053.0,89.0,360.0
286,False,False,False,False,False,False,False,True,True,False,True,2600,1717.0,99.0,300.0
287,True,True,True,False,False,False,False,False,False,False,True,3704,2000.0,120.0,360.0
288,True,False,False,False,False,False,False,False,True,False,True,4124,0.0,115.0,360.0
289,True,True,False,False,False,False,False,False,False,False,True,9508,0.0,187.0,360.0
290,True,True,True,False,False,False,False,False,False,False,True,3075,2416.0,139.0,360.0
291,False,True,True,False,True,False,False,False,True,False,False,4400,0.0,127.0,360.0
292,True,True,True,False,True,False,False,False,False,True,True,3153,1560.0,134.0,360.0
293,False,False,False,False,False,False,False,False,False,True,False,5417,0.0,143.0,480.0
294,True,True,True,False,False,False,False,False,True,False,True,2383,3334.0,172.0,360.0
295,True,True,True,False,False,True,False,False,False,True,True,4416,1250.0,110.0,360.0
296,True,True,True,True,False,False,False,False,True,False,True,6875,0.0,200.0,360.0
297,True,False,True,True,False,False,False,False,False,True,True,4666,0.0,135.0,360.0
298,False,False,False,False,False,False,False,False,False,False,True,5000,2541.0,151.0,480.0
299,False,True,True,True,False,False,False,False,False,True,True,2014,2925.0,113.0,360.0
300,False,True,True,False,False,False,True,False,False,True,False,1800,2934.0,93.0,360.0
301,True,True,True,False,False,False,True,False,True,False,True,2875,1750.0,105.0,360.0
302,True,False,False,False,False,False,False,False,False,False,True,5000,0.0,132.0,360.0
303,True,True,True,True,False,False,False,False,False,True,True,1625,1803.0,96.0,360.0
304,True,True,False,False,False,False,False,False,False,False,True,4000,2500.0,140.0,360.0
305,False,True,False,False,False,False,True,False,False,True,True,2000,0.0,128.0,360.0
306,True,False,False,False,False,False,False,False,False,False,True,3762,1666.0,135.0,360.0
307,False,False,False,False,False,False,False,False,False,True,False,2400,1863.0,104.0,360.0
308,False,True,False,False,False,False,False,False,False,False,True,20233,0.0,480.0,360.0
309,True,True,True,False,True,False,True,False,False,False,True,7667,0.0,185.0,360.0
310,True,False,False,False,False,False,False,False,True,False,True,2917,0.0,84.0,360.0
311,True,True,False,False,False,False,True,False,True,False,True,2927,2405.0,111.0,360.0
312,True,False,False,False,False,False,False,False,False,False,True,2507,0.0,56.0,360.0
313,True,True,True,False,True,False,False,True,False,False,True,5746,0.0,144.0,84.0
314,False,True,True,False,False,False,False,False,False,False,True,2473,1843.0,159.0,360.0
315,True,True,True,True,False,False,True,False,False,True,True,3399,1640.0,111.0,180.0
316,True,True,True,False,True,False,False,False,True,False,True,3717,0.0,120.0,360.0
317,True,True,True,False,False,False,False,False,False,True,True,2058,2134.0,88.0,360.0
318,True,False,False,True,False,False,False,False,True,False,True,3541,0.0,112.0,360.0
319,False,True,True,True,False,False,False,True,False,False,True,10000,0.0,155.0,360.0
320,True,True,True,False,False,False,False,False,True,False,True,2400,2167.0,115.0,360.0
321,True,True,True,False,False,True,False,False,True,False,True,4342,189.0,124.0,360.0
322,True,True,True,False,True,False,True,False,False,False,True,3601,1590.0,128.0,360.0
323,True,False,False,False,False,False,False,False,False,False,True,3166,2985.0,132.0,360.0
324,True,True,True,False,False,True,False,False,False,False,True,15000,0.0,300.0,360.0
325,False,True,True,True,False,False,False,True,False,False,False,8666,4983.0,376.0,360.0
326,True,True,False,False,False,False,False,False,False,False,False,4917,0.0,130.0,360.0
327,True,True,True,False,False,False,False,True,True,False,True,5818,2160.0,184.0,360.0
328,False,False,True,False,False,False,False,False,False,True,True,4333,2451.0,110.0,360.0
329,True,False,False,False,False,False,False,False,False,True,True,2500,0.0,67.0,360.0
330,True,True,False,True,False,False,False,False,False,True,True,4384,1793.0,117.0,360.0
331,True,True,False,False,False,False,False,False,True,False,True,2935,0.0,98.0,360.0
332,True,True,False,False,False,False,False,False,False,True,True,2833,0.0,71.0,360.0
333,True,True,True,False,False,False,False,False,False,True,True,63337,0.0,490.0,180.0
334,True,True,True,True,False,False,False,True,False,True,True,9833,1833.0,182.0,180.0
335,True,True,True,False,False,False,False,True,True,False,True,5503,4490.0,70.0,360.0
336,True,True,True,True,False,False,False,False,False,False,True,5250,688.0,160.0,360.0
337,True,True,True,False,True,False,False,True,False,False,True,2500,4600.0,176.0,360.0
338,False,False,False,False,False,True,True,False,False,True,False,1830,0.0,128.0,360.0
339,True,False,False,False,False,False,False,False,True,False,True,4160,0.0,71.0,360.0
340,False,True,True,False,False,True,True,False,False,False,True,2647,1587.0,173.0,360.0
341,False,False,False,False,False,False,False,False,False,False,True,2378,0.0,46.0,360.0
342,True,True,True,True,False,False,True,False,False,True,True,4554,1229.0,158.0,360.0
343,True,True,True,False,False,True,True,False,True,False,True,3173,0.0,74.0,360.0
344,True,True,True,False,True,False,False,False,False,False,True,2583,2330.0,125.0,360.0
345,True,True,True,False,False,False,False,False,True,False,True,2499,2458.0,160.0,360.0
346,False,True,True,False,False,False,True,False,False,False,False,3523,3230.0,152.0,360.0
347,True,True,True,False,True,False,True,False,False,True,True,3083,2168.0,126.0,360.0
348,True,True,True,False,False,False,False,False,True,False,True,6333,4583.0,259.0,360.0
349,True,True,True,False,False,False,False,False,False,False,True,2625,6250.0,187.0,360.0
350,True,True,True,False,False,False,False,False,True,False,True,9083,0.0,228.0,360.0
351,False,True,False,False,False,False,False,False,False,False,True,8750,4167.0,308.0,360.0
352,True,True,True,False,False,True,False,False,False,False,True,2666,2083.0,95.0,360.0
353,False,False,True,False,False,False,False,True,False,False,False,5500,0.0,105.0,360.0
354,True,False,True,False,False,False,False,False,True,False,True,2423,505.0,130.0,360.0
355,True,False,False,False,False,False,False,False,False,True,True,3813,0.0,116.0,180.0
356,True,True,True,False,True,False,False,False,False,False,True,8333,3167.0,165.0,360.0
357,False,True,True,True,False,False,False,False,False,True,True,3875,0.0,67.0,360.0
358,False,True,True,False,False,False,True,False,False,True,False,3000,1666.0,100.0,480.0
359,True,True,True,False,False,True,False,False,True,False,True,5167,3167.0,200.0,360.0
360,False,False,False,True,False,False,False,False,True,False,True,4723,0.0,81.0,360.0
361,True,True,True,False,True,False,False,False,True,False,True,5000,3667.0,236.0,360.0
362,True,True,True,False,False,False,False,False,False,True,True,4750,2333.0,130.0,360.0
363,True,True,True,False,False,False,False,False,False,True,True,3013,3033.0,95.0,300.0
364,True,True,False,False,False,False,False,True,False,False,True,6822,0.0,141.0,360.0
365,False,True,False,False,False,False,True,False,False,False,True,6216,0.0,133.0,360.0
366,False,True,False,False,False,False,False,False,True,False,True,2500,0.0,96.0,480.0
367,False,True,False,False,False,False,False,False,False,False,False,5124,0.0,124.0,360.0
368,True,True,True,True,False,False,False,False,True,False,True,6325,0.0,175.0,360.0
369,False,True,True,False,False,False,False,False,False,False,True,19730,5266.0,570.0,360.0
370,True,False,False,False,False,False,False,True,True,False,True,15759,0.0,55.0,360.0
371,True,True,True,False,True,False,False,False,True,False,True,5185,0.0,155.0,360.0
372,True,True,True,False,True,False,False,True,False,False,True,9323,7873.0,380.0,300.0
373,False,True,False,True,False,False,False,False,False,True,False,3062,1987.0,111.0,180.0
374,True,False,False,False,False,False,False,False,False,True,True,2764,1459.0,110.0,360.0
375,True,True,True,False,False,False,False,False,False,True,True,4817,923.0,120.0,180.0
376,True,True,True,False,False,True,False,False,False,False,True,8750,4996.0,130.0,360.0
377,True,True,True,False,False,False,False,False,True,False,True,4310,0.0,130.0,360.0
378,False,True,False,False,False,False,False,False,False,True,True,3069,0.0,71.0,480.0
379,True,True,True,False,True,False,False,False,False,True,True,5391,0.0,130.0,360.0
380,True,True,True,False,False,False,False,False,True,False,True,3333,2500.0,128.0,360.0
381,True,True,False,False,False,False,False,False,True,False,True,5941,4232.0,296.0,360.0
382,True,False,False,False,False,False,False,False,False,True,True,6000,0.0,156.0,360.0
383,True,True,False,False,False,False,False,True,False,True,True,7167,0.0,128.0,360.0
384,False,True,True,False,True,False,False,False,False,True,True,4566,0.0,100.0,360.0
385,True,True,False,True,False,False,False,False,False,True,True,3667,0.0,113.0,180.0
386,True,True,False,False,False,False,True,False,True,False,True,2346,1600.0,132.0,360.0
387,False,True,True,False,False,False,True,False,False,True,False,3010,3136.0,128.0,360.0
388,True,True,True,False,False,False,False,False,False,True,True,2333,2417.0,136.0,360.0
389,True,True,True,False,False,False,False,False,False,False,True,5488,0.0,125.0,360.0
390,True,True,False,False,False,True,False,False,False,False,True,9167,0.0,185.0,360.0
391,True,True,True,False,False,True,False,False,False,False,True,9504,0.0,275.0,360.0
392,True,True,True,False,False,False,False,False,False,True,True,2583,2115.0,120.0,360.0
393,True,True,True,False,True,False,True,False,True,False,True,1993,1625.0,113.0,180.0
394,True,True,True,False,True,False,False,False,False,True,True,3100,1400.0,113.0,360.0
395,True,True,True,False,True,False,False,False,True,False,True,3276,484.0,135.0,360.0
396,False,False,False,False,False,False,False,False,False,True,False,3180,0.0,71.0,360.0
397,True,True,True,False,False,False,False,False,False,True,True,3033,1459.0,95.0,360.0
398,True,True,False,False,False,False,True,False,False,False,True,3902,1666.0,109.0,360.0
399,False,False,False,False,False,False,False,False,True,False,False,1500,1800.0,103.0,360.0
400,False,True,True,False,True,False,True,False,False,True,False,2889,0.0,45.0,180.0
401,False,True,False,False,False,False,True,False,False,False,True,2755,0.0,65.0,300.0
402,True,True,False,False,False,False,False,False,True,False,True,2500,20000.0,103.0,360.0
403,True,False,False,False,False,False,True,False,True,False,True,1963,0.0,53.0,360.0
404,False,False,False,False,False,False,False,True,False,False,True,7441,0.0,194.0,360.0
405,True,False,False,False,False,False,False,False,True,False,True,4547,0.0,115.0,360.0
406,True,True,True,False,False,False,True,False,False,True,True,2167,2400.0,115.0,360.0
407,True,False,False,False,False,False,True,False,False,False,True,2213,0.0,66.0,360.0
408,False,True,True,True,False,False,False,False,True,False,False,8300,0.0,152.0,300.0
409,False,True,True,False,False,True,False,False,False,False,False,81000,0.0,360.0,360.0
410,False,False,False,True,False,False,True,True,True,False,True,3867,0.0,62.0,360.0
411,True,True,True,False,False,False,False,False,False,True,True,6256,0.0,160.0,360.0
412,False,True,True,False,False,False,True,False,False,False,False,6096,0.0,218.0,360.0
413,True,True,True,False,False,False,True,False,False,False,True,2253,2033.0,110.0,360.0
414,False,False,True,False,False,False,True,False,True,False,False,2149,3237.0,178.0,360.0
415,True,False,False,False,False,False,False,False,False,True,True,2995,0.0,60.0,360.0
416,False,False,False,True,False,False,False,False,False,True,True,2600,0.0,160.0,360.0
417,False,True,True,False,True,False,False,True,False,True,True,1600,20000.0,239.0,360.0
418,True,True,True,False,False,False,False,False,False,False,True,1025,2773.0,112.0,360.0
419,True,True,True,False,False,False,False,False,True,False,True,3246,1417.0,138.0,360.0
420,True,True,True,False,False,False,False,False,False,False,True,5829,0.0,138.0,360.0
421,False,False,False,False,False,False,True,False,False,True,False,2720,0.0,80.0,360.0
422,True,True,True,False,False,False,False,False,False,True,True,1820,1719.0,100.0,360.0
423,False,True,True,True,False,False,False,False,False,True,False,7250,1667.0,110.0,360.0
424,True,True,True,False,False,False,False,False,True,False,True,14880,0.0,96.0,360.0
425,True,True,True,False,False,False,False,False,False,False,True,2666,4300.0,121.0,360.0
426,False,False,False,True,False,False,True,False,False,False,True,4606,0.0,81.0,360.0
427,True,True,True,False,True,False,False,False,True,False,True,5935,0.0,133.0,360.0
428,True,True,True,False,False,False,False,False,False,False,True,2920,16.12000084,87.0,360.0
429,True,True,False,False,False,False,True,False,False,True,True,2717,0.0,60.0,180.0
430,True,False,False,True,False,False,False,True,True,False,True,8624,0.0,150.0,360.0
431,False,True,False,False,False,False,False,False,False,False,False,6500,0.0,105.0,360.0
432,True,True,False,False,False,False,False,False,True,False,True,12876,0.0,405.0,360.0
433,True,True,True,False,False,False,False,False,True,False,True,2425,2340.0,143.0,360.0
434,True,True,False,False,False,False,False,False,False,True,True,3750,0.0,100.0,360.0
435,True,False,True,False,False,False,False,False,True,False,True,10047,0.0,128.0,240.0
436,True,True,False,False,False,False,False,False,True,False,True,1926,1851.0,50.0,360.0
437,True,True,True,False,False,False,False,False,False,True,True,2213,1125.0,128.0,360.0
438,False,True,False,False,False,False,False,True,False,True,False,10416,0.0,187.0,360.0
439,True,False,True,False,False,False,True,True,False,False,True,7142,0.0,138.0,360.0
440,True,True,False,False,False,False,False,False,True,False,True,3660,5064.0,187.0,360.0
441,True,True,True,False,False,False,False,False,False,False,True,7901,1833.0,180.0,360.0
442,True,True,False,False,False,True,True,False,True,False,True,4707,1993.0,148.0,360.0
443,True,True,False,True,False,False,False,False,True,False,True,37719,0.0,152.0,360.0
444,True,True,True,False,False,False,False,False,False,False,True,7333,8333.0,175.0,300.0
445,True,True,True,True,False,False,False,True,False,False,True,3466,1210.0,130.0,360.0
446,True,True,True,False,True,False,True,False,False,False,True,4652,0.0,110.0,360.0
447,False,True,True,False,False,False,False,False,False,False,True,3539,1376.0,55.0,360.0
448,False,True,True,False,True,False,False,False,False,False,False,3340,1710.0,150.0,360.0
449,False,True,False,True,False,False,True,True,True,False,True,2769,1542.0,190.0,360.0
450,False,True,True,False,True,False,True,False,False,False,False,2309,1255.0,125.0,360.0
451,True,True,True,False,True,False,True,False,False,True,True,1958,1456.0,60.0,300.0
452,False,True,True,False,False,False,False,False,False,False,False,3948,1733.0,149.0,360.0
453,True,True,True,False,False,False,False,False,False,False,False,2483,2466.0,90.0,180.0
454,True,True,False,False,False,False,False,True,True,False,True,7085,0.0,84.0,360.0
455,True,True,True,False,True,False,False,False,True,False,True,3859,0.0,96.0,360.0
456,True,True,True,False,False,False,False,False,False,True,True,4301,0.0,118.0,360.0
457,False,True,True,False,False,False,False,False,False,True,True,3708,2569.0,173.0,360.0
458,True,True,False,False,True,False,False,False,False,False,True,4354,0.0,136.0,360.0
459,False,True,True,False,False,False,False,False,True,False,True,8334,0.0,160.0,360.0
460,True,True,True,False,False,False,False,True,True,False,True,2083,4083.0,160.0,360.0
461,True,True,True,False,False,True,False,False,False,True,True,7740,0.0,128.0,180.0
462,True,True,True,False,False,False,False,False,False,False,True,3015,2188.0,153.0,360.0
463,True,False,False,True,False,False,True,False,True,False,True,5191,0.0,132.0,360.0
464,False,True,False,False,False,False,False,False,True,False,False,4166,0.0,98.0,360.0
465,True,True,False,False,False,False,False,False,False,False,True,6000,0.0,140.0,360.0
466,False,True,True,False,False,True,True,False,False,True,False,2947,1664.0,70.0,180.0
467,True,True,True,False,False,False,False,False,True,False,True,16692,0.0,110.0,360.0
468,True,False,True,False,True,False,True,False,True,False,True,210,2917.0,98.0,360.0
469,False,True,True,False,False,False,False,False,False,True,True,4333,2451.0,110.0,360.0
470,True,True,True,True,False,False,False,True,True,False,True,3450,2079.0,162.0,360.0
471,False,True,True,True,False,False,True,False,False,False,False,2653,1500.0,113.0,180.0
472,True,True,True,False,False,True,False,False,True,False,True,4691,0.0,100.0,360.0
473,True,False,False,False,False,False,False,True,False,True,True,2500,0.0,93.0,360.0
474,True,True,False,False,True,False,False,False,False,False,True,5532,4648.0,162.0,360.0
475,True,True,True,False,True,False,False,True,False,False,True,16525,1014.0,150.0,360.0
476,True,True,True,False,True,False,False,False,True,False,True,6700,1750.0,230.0,300.0
477,False,True,True,False,True,False,False,False,True,False,False,2873,1872.0,132.0,360.0
478,True,True,True,True,False,False,False,True,True,False,True,16667,2250.0,86.0,360.0
479,False,True,True,False,True,False,False,False,False,True,True,2947,1603.0,128.0,360.0
480,True,False,False,False,False,False,True,False,False,False,True,4350,0.0,154.0,360.0
481,True,True,True,False,False,True,True,False,False,False,True,3095,0.0,113.0,360.0
482,True,True,True,False,False,False,False,False,True,False,True,2083,3150.0,128.0,360.0
483,True,True,True,False,False,False,False,False,True,False,True,10833,0.0,234.0,360.0
484,True,True,True,False,True,False,False,False,True,False,True,8333,0.0,246.0,360.0
485,True,True,True,True,False,False,True,False,False,False,True,1958,2436.0,131.0,360.0
486,False,True,False,False,True,False,False,False,False,False,False,3547,0.0,80.0,360.0
487,False,True,True,True,False,False,False,False,False,True,True,18333,0.0,500.0,360.0
488,True,True,True,False,True,False,False,True,True,False,True,4583,2083.0,160.0,360.0
489,False,True,False,False,False,False,False,False,False,True,True,2435,0.0,75.0,360.0
490,True,True,False,False,False,False,True,False,True,False,True,2699,2785.0,96.0,360.0
491,True,True,True,True,False,False,True,False,False,True,True,5333,1131.0,186.0,360.0
492,True,True,False,False,False,False,True,False,False,False,True,3691,0.0,110.0,360.0
493,True,False,False,False,False,False,True,True,True,False,True,17263,0.0,225.0,360.0
494,False,True,True,False,False,False,False,False,False,False,False,3597,2157.0,119.0,360.0
495,True,False,True,True,False,False,False,False,True,False,True,3326,913.0,105.0,84.0
496,True,True,True,False,False,False,True,False,False,False,True,2600,1700.0,107.0,360.0
497,True,True,True,False,False,False,False,False,False,True,True,4625,2857.0,111.0,12.0
498,True,True,True,True,False,False,False,True,True,False,True,2895,0.0,95.0,360.0
499,False,True,False,False,False,False,False,False,False,False,False,6283,4416.0,209.0,360.0
500,True,False,False,False,False,False,False,False,False,False,True,645,3683.0,113.0,480.0
501,True,False,False,False,False,False,False,False,True,False,True,3159,0.0,100.0,360.0
502,True,True,True,False,True,False,False,False,True,False,True,4865,5624.0,208.0,360.0
503,False,True,True,True,False,False,True,False,False,False,True,4050,5302.0,138.0,360.0
504,True,True,True,False,False,False,True,False,True,False,True,3814,1483.0,124.0,300.0
505,True,True,True,False,True,False,False,False,False,False,True,3510,4416.0,243.0,360.0
506,True,True,True,False,False,False,False,False,False,True,True,20833,6667.0,480.0,360.0
507,False,True,False,False,False,False,False,False,False,True,True,3583,0.0,96.0,360.0
508,True,True,True,False,False,False,False,True,False,True,True,2479,3013.0,188.0,360.0
509,True,False,False,True,False,False,False,False,False,True,True,13262,0.0,40.0,360.0
510,False,True,False,False,False,False,True,False,False,False,True,3598,1287.0,100.0,360.0
511,True,True,True,True,False,False,False,False,True,False,True,6065,2004.0,250.0,360.0
512,True,True,True,False,True,False,False,False,False,True,True,3283,2035.0,148.0,360.0
513,False,True,True,False,False,False,False,False,True,False,True,2130,6666.0,70.0,180.0
514,False,True,False,False,False,False,False,False,False,False,True,5815,3666.0,311.0,360.0
515,True,True,True,False,False,True,False,False,False,False,True,3466,3428.0,150.0,360.0
516,True,False,True,False,True,False,False,False,True,False,True,2031,1632.0,113.0,480.0
517,False,True,True,False,False,False,True,False,True,False,False,3074,1800.0,123.0,360.0
518,False,True,False,False,False,False,False,False,True,False,True,4683,1915.0,185.0,360.0
519,False,False,False,False,False,False,True,False,False,False,True,3400,0.0,95.0,360.0
520,True,True,True,False,True,False,True,False,True,False,True,2192,1742.0,45.0,360.0
521,True,True,False,False,False,False,False,False,True,False,True,2500,0.0,55.0,360.0
522,True,True,True,False,False,True,False,True,False,False,True,5677,1424.0,100.0,360.0
523,True,True,True,False,True,False,False,True,False,False,True,7948,7166.0,480.0,360.0
524,False,True,False,False,False,False,False,False,True,False,True,4680,2087.0,128.0,360.0
525,True,True,True,False,True,False,False,True,False,False,True,17500,0.0,400.0,360.0
526,True,True,True,False,False,False,False,False,True,False,True,3775,0.0,110.0,360.0
527,True,True,True,True,False,False,True,False,True,False,False,5285,1430.0,161.0,360.0
528,True,True,False,True,False,False,True,False,True,False,True,2679,1302.0,94.0,360.0
529,True,True,False,False,False,False,True,False,True,False,True,6783,0.0,130.0,360.0
530,True,True,True,False,False,False,False,False,False,False,True,1025,5500.0,216.0,360.0
531,True,True,True,False,False,True,False,False,False,True,True,4281,0.0,100.0,360.0
532,False,True,False,False,True,False,False,False,False,False,False,3588,0.0,110.0,360.0
533,False,True,False,True,False,False,False,False,True,False,True,11250,0.0,196.0,360.0
534,True,False,False,False,False,False,True,True,False,True,True,18165,0.0,125.0,360.0
535,True,True,False,False,False,False,True,False,False,False,True,2550,2042.0,126.0,360.0
536,True,True,True,False,False,False,False,False,False,True,True,6133,3906.0,324.0,360.0
537,True,True,False,False,True,False,False,False,True,False,True,3617,0.0,107.0,360.0
538,False,True,True,False,False,False,True,False,False,False,True,2917,536.0,66.0,360.0
539,True,True,True,False,False,True,False,False,False,False,True,6417,0.0,157.0,180.0
540,True,False,True,True,False,False,False,False,True,False,True,4608,2845.0,140.0,180.0
541,False,False,False,False,False,False,False,False,True,False,False,2138,0.0,99.0,360.0
542,True,False,False,True,False,False,False,False,True,False,True,3652,0.0,95.0,360.0
543,True,True,True,True,False,False,True,False,False,True,True,2239,2524.0,128.0,360.0
544,True,False,True,False,False,False,True,False,True,False,True,3017,663.0,102.0,360.0
545,True,True,True,False,False,False,False,False,False,False,True,2768,1950.0,155.0,360.0
546,False,True,False,False,False,False,True,False,True,False,True,3358,0.0,80.0,36.0
547,True,True,False,False,False,False,False,False,False,False,True,2526,1783.0,145.0,360.0
548,False,False,False,False,False,False,False,False,True,False,False,5000,0.0,103.0,360.0
549,True,True,True,False,False,False,False,False,False,False,True,2785,2016.0,110.0,360.0
550,False,True,True,False,True,False,False,True,False,False,False,6633,0.0,128.0,360.0
551,True,True,True,True,False,False,True,False,False,False,True,2492,2375.0,128.0,360.0
552,True,True,True,True,False,False,False,False,False,True,True,3333,3250.0,158.0,360.0
553,False,True,True,False,False,False,True,False,False,True,False,2454,2333.0,181.0,360.0
554,False,True,True,False,False,False,False,False,False,False,False,3593,4266.0,132.0,180.0
555,True,True,True,True,False,False,False,False,True,False,True,5468,1032.0,26.0,360.0
556,True,False,False,False,False,False,False,False,False,True,True,2667,1625.0,84.0,360.0
557,True,True,True,False,False,True,False,True,True,False,True,10139,0.0,260.0,360.0
558,True,True,True,False,False,False,False,False,True,False,True,3887,2669.0,162.0,360.0
559,True,False,True,False,False,False,False,False,True,False,True,4180,2306.0,182.0,360.0
560,True,True,True,False,True,False,True,False,True,False,True,3675,242.0,108.0,360.0
561,True,False,True,True,False,False,False,True,True,False,True,19484,0.0,600.0,360.0
562,True,True,True,False,False,False,False,False,False,False,True,5923,2054.0,211.0,360.0
563,True,True,False,False,False,False,True,True,True,False,True,5800,0.0,132.0,360.0
564,False,True,True,False,True,False,False,False,False,True,False,8799,0.0,258.0,360.0
565,True,True,True,False,False,False,True,False,False,False,True,4467,0.0,120.0,360.0
566,True,True,False,False,False,False,False,False,False,True,True,3333,0.0,70.0,360.0
567,False,True,True,False,False,True,False,False,False,False,False,3400,2500.0,123.0,360.0
568,False,False,False,False,False,False,False,False,False,True,True,2378,0.0,9.0,360.0
569,False,True,True,False,False,False,False,False,False,True,False,3166,2064.0,104.0,360.0
570,True,True,True,True,False,False,False,False,False,True,True,3417,1750.0,186.0,360.0
571,False,True,True,False,False,False,False,False,False,True,False,5116,1451.0,165.0,360.0
572,True,True,True,False,True,False,False,False,False,True,True,16666,0.0,275.0,360.0
573,False,True,True,False,True,False,True,False,True,False,True,6125,1625.0,187.0,480.0
574,False,True,True,False,False,True,False,False,True,False,True,6406,0.0,150.0,360.0
575,True,True,True,False,True,False,False,False,False,True,True,3159,461.0,108.0,84.0
576,False,True,True,False,False,False,False,False,True,False,False,3087,2210.0,136.0,360.0
577,True,True,False,False,False,False,False,False,False,True,True,3229,2739.0,110.0,360.0
578,True,True,True,True,False,False,False,False,False,False,True,1782,2232.0,107.0,360.0
579,True,True,False,False,False,False,False,False,False,True,True,3182,2917.0,161.0,360.0
580,True,True,True,False,True,False,False,False,True,False,True,6540,0.0,205.0,360.0
581,False,True,False,False,False,False,False,False,False,True,True,1836,33837.0,90.0,360.0
582,True,False,True,False,False,False,False,False,True,False,True,3166,0.0,36.0,360.0
583,False,True,True,True,False,False,False,False,False,False,True,1880,0.0,61.0,360.0
584,False,True,True,True,False,False,False,False,False,False,False,2787,1917.0,146.0,360.0
585,False,True,True,True,False,False,False,False,False,False,True,4283,3000.0,172.0,84.0
586,True,True,True,False,False,False,False,False,False,True,True,2297,1522.0,104.0,360.0
587,True,False,False,False,False,False,True,False,True,False,True,2165,0.0,70.0,360.0
588,True,True,False,False,False,False,False,False,True,False,True,4750,0.0,94.0,360.0
589,False,True,True,False,True,False,False,True,True,False,False,2726,0.0,106.0,360.0
590,True,True,True,False,False,False,False,False,True,False,True,3000,3416.0,56.0,180.0
591,False,True,True,False,True,False,False,True,True,False,True,6000,0.0,205.0,240.0
592,True,True,False,False,False,True,False,True,True,False,True,9357,0.0,292.0,360.0
593,True,True,True,False,False,False,False,False,False,False,True,3859,3300.0,142.0,180.0
594,True,True,True,False,False,False,False,True,False,True,True,16120,0.0,260.0,360.0
595,True,True,False,False,False,False,True,False,False,False,True,3833,0.0,110.0,360.0
596,False,True,True,False,True,False,True,True,False,False,True,6383,1000.0,187.0,360.0
597,False,True,False,False,False,False,False,False,True,False,False,2987,0.0,88.0,360.0
598,True,True,True,False,False,False,False,True,False,False,True,9963,0.0,180.0,360.0
599,True,True,True,False,True,False,False,False,False,True,True,5780,0.0,192.0,360.0
600,False,False,False,False,False,True,False,False,False,True,True,416,41667.0,350.0,180.0
601,True,True,True,False,False,False,True,False,False,False,True,2894,2792.0,155.0,360.0
602,True,True,True,False,False,True,False,False,False,True,True,5703,0.0,128.0,360.0
603,True,True,False,False,False,False,False,False,False,False,True,3676,4301.0,172.0,360.0
604,True,False,True,True,False,False,False,False,True,False,True,12000,0.0,496.0,360.0
605,False,True,True,False,False,False,True,False,False,True,True,2400,3800.0,128.0,180.0
606,True,True,True,True,False,False,False,False,True,False,True,3400,2500.0,173.0,360.0
607,True,True,True,False,True,False,True,False,False,False,True,3987,1411.0,157.0,360.0
608,True,True,True,False,False,False,False,False,False,False,True,3232,1950.0,108.0,360.0
609,True,False,False,False,False,False,False,False,False,False,True,2900,0.0,71.0,360.0
610,True,True,True,False,False,True,False,False,False,False,True,4106,0.0,40.0,180.0
611,True,True,True,True,False,False,False,False,False,True,True,8072,240.0,253.0,360.0
612,True,True,True,False,True,False,False,False,False,True,True,7583,0.0,187.0,360.0
613,False,False,False,False,False,False,False,True,True,False,False,4583,0.0,133.0,360.0
